<?xml version="1.0" encoding="UTF-8" ?>
<!DOCTYPE html>
<HTML amp='amp'>
<head>
<meta charset='utf-8'/>
<meta content='width=device-width, initial-scale=1, minimum-scale=1, maximum-scale=1' name='viewport'/>
 
    <b:include data='blog' name='all-head-content'/>

<b:if cond='data:blog.pageType == &quot;index&quot;'>
<title><data:blog.pageTitle/></title>
<b:else/>
<b:if cond='data:blog.pageType != &quot;error_page&quot;'>
<title><data:blog.pageName/> - <data:blog.title/></title>
</b:if></b:if>
<b:if cond='data:blog.pageType == &quot;error_page&quot;'>
<title>Page Not Found - <data:blog.title/></title>
<meta content='300;/' http-equiv='refresh'/>
</b:if>

<!-- [ Social Media meta tag ] -->
<b:if cond='data:blog.url == data:blog.homepageUrl'> 
<b:if cond='data:blog.pageType == &quot;item&quot;'> 
<b:if cond='data:blog.pageType == &quot;static_page&quot;'>  
<b:if cond='data:blog.url'>
<meta expr:content='data:blog.url' property='og:url'/>
</b:if>
<meta expr:content='data:blog.title' property='og:site_name'/>
<b:if cond='data:blog.pageName'>
<meta expr:content='data:blog.pageName' property='og:title'/>
</b:if></b:if></b:if></b:if>
 
<b:if cond='data:blog.pageType == &quot;item&quot;'>
<meta content='article' property='og:type'/>
<b:else/>
<meta content='website' property='og:type'/>
</b:if>
<meta expr:content='data:blog.canonicalUrl' property='og:url'/>
<b:if cond='data:blog.postImageUrl'>
<meta expr:content='data:blog.postImageUrl' property='og:image'/>
<b:else/>
<b:if cond='data:blog.postImageThumbnailUrl'>
<meta expr:content='data:blog.postThumbnailUrl' property='og:image'/>
<b:else/>
<meta expr:content='data:blog.blogspotFaviconUrl' property='og:image'/>
</b:if></b:if>
<b:if cond='data:blog.metaDescription'>
<meta expr:content='data:blog.metaDescription' property='og:description'/>
</b:if>
<meta expr:content='data:blog.title' property='og:site_name'/>
<meta content='en_US' property='og:locale'/>

<!-- Customize meta tags here -->

<b:if cond='data:blog.url == data:blog.homepageUrl'> 
<meta content='YOUR-KEYWORD-HERE' name='keywords'/>
<meta content='AUTHOR-NAME-HERE' name='Author'/>
<link href='AUTHOR-URL-HERE' rel='author'/>
</b:if>

<meta content='GOOGLE-META-TAG' name='google-site-verification'/>
<meta content='BING-META-TAG' name='msvalidate.01'/>
<meta content='ALEXA-META-TAG' name='alexaVerifyID'/>

<link expr:href='data:blog.url' rel='amphtml'/>

&lt;!-- <b:skin><![CDATA[/*-----------------------------------------------

Platform: Blogger
Name:     Betapress AMP Blogger Template
Designer: Bloggertheme9
URL:      http://www.bloggertheme9.com
License: Free Version 

----------------------------------------------- */

section,nav,article,aside,hgroup,header,footer{display:block}
ol, ul { padding: 0px;  margin: 0; }
ol li { list-style-type: none;  padding:0;  }
ul li { list-style-type: none;  padding: 0;  }

body#layout #header { width: 46%; }
body#layout .main-wrapper {}
body#layout .widget-content { margin: 0; }
#layout #sidebar{display:none;}
body#layout .outer-wrapper, body#layout .ct-wrapper { margin: 0; padding: 0; }

]]></b:skin>


<style amp-custom='amp-custom'>
/* Content
----------------------------------------------- */

html, body, div, span, applet, object, iframe, h1, h2, h3, h4, h5, h6, p, blockquote, pre, a, abbr, acronym, address, big, cite, code,
del, dfn, em, font, img, ins, kbd, q, s, samp, small, strike, strong, sub, sup, tt, var, dl, dt, dd, ol, ul, li, fieldset, form, label, legend, table, caption, tbody, tfoot, thead, tr, th, td, figure { margin: 0; padding: 0;}
article,aside,details,figcaption,figure,footer,header,hgroup,menu,nav,section {display:block;}
ins{text-decoration:underline}
del{text-decoration:line-through}

table {margin:15px 0; font-family: arial, sans-serif; font-size:13px; border-collapse: collapse; width: 100%;}
td, th {border: 1px solid #eee; text-align: left; padding:8px 10px;}
tr:nth-child(odd) {background: #F4F4F4;}

caption {background: #eee; text-align:center; padding: 4px 10px 4px}
dl {margin: 0 0 20px 0}
dl dt {font-weight: bold}
dd {margin-left: 20px}
pre {margin: 20px 0; white-space: pre}
pre, code, tt {font: 13px &#39;andale mono&#39;, &#39;lucida console&#39;, monospace; line-height: 18px}

blockquote:before, blockquote:after,
q:before, q:after {content: &quot;&quot;;}
blockquote, q {quotes: &quot;&quot; &quot;&quot;;}
sup{ vertical-align: super; font-size:smaller; }
code{ font-family: &#39;Courier New&#39;, Courier, monospace; font-size:12px; color:#272727; }
a img{border: none;}
ul ul, ol ol { padding: 0; }

ol, ul { padding: 0px;  margin: 0; }
ol li { list-style-type: none;  padding:0;  }
ul li { list-style-type: none;  padding: 0;  }

h1, h2, h3, h4, h5, h6 {color: #444; letter-spacing:0.1px; font-weight:500;}

h2{ font-size: 21px; line-height: 27px;}
h3{ font-size: 19px; line-height: 25px;}
h4{ font-size: 17px; line-height: 23px;}
h5, h6{ font-size: 16px; line-height: 22px;}

a{ color: #1F5CA8; outline:none; text-decoration: none; }
a:hover { color: #111; text-decoration:none; }
body{ background: #E9E9E9; color: #707070; height: 100%; padding: 0; font-family:&quot;Open Sans&quot;,sans-serif; font-size: 14px; line-height: 24px; }
.clear { clear:both; float:none; }


.ct-wrapper {padding:0px 0px; background:#fff; max-width:815px; position:relative; margin: 30px auto;}
.outer-wrapper { position: relative; padding:0px 0 }
.header-wrapper {display: inline-block; float: left; padding: 0; width: 100%; -moz-box-sizing: -webkit-border-box; box-sizing: border-box; }
.main-wrapper { width:auto; margin-right:0px; }
#content { box-sizing: border-box; -moz-box-sizing: border-box; -webkit-box-sizing: border-box; position: relative;}
.main-inner-wrap {float:left; position: relative; width:100%;}
.sidebar-wrapper { width:336px; float: right; display:none;}
.container {margin: 0 auto; padding: 0; position: relative; max-width: 750px;}

body#layout #header { width: 46%; }
body#layout .main-wrapper {}
body#layout .widget-content { margin: 0; }
#layout #sidebar{display:none;}
body#layout .outer-wrapper, body#layout .ct-wrapper { margin: 0; padding: 0; }
.ct-wrapper, .crosscol, .post, .sidebar-wrapper, .buzed{overflow:hidden;}

#header{ float:left; margin:30px 0;}
#header-inner{ margin: 0px; padding: 0; }
.titlewrapper{float:left;}
#header h1, #header h2 {font-size: 28px; font-weight: 600; letter-spacing: 0.8px; line-height: 30px; text-transform: capitalize; font-varient: small-caps;}
#header h1 a, #header h2 a{ color:#363B3F; }
#header h1 a:hover,#header h2 a:hover { color:#777; }
.descriptionwrapper{ border-left: 1px solid #e9e9e9; letter-spacing: 0.4px; font-size:15px; color: #888; float: left; margin: 0 0 0 20px; padding: 5px 0 5px 20px; font-weight:600;}
#header img{ border:0 none; background:none; height:auto;}

code{display:block; background:#443E50; color:#bec3ce; padding:0px 20px 20px; font-family:&#39;Source Code Pro&#39;,Menlo,Consolas,Monaco,monospace; font-size:12.6px; white-space:pre; overflow:auto; border-radius: 0 0 3px 3px; margin-bottom:30px;}

.trig{background-color: #fdfdfd; border: 1px solid #efefef; box-shadow: 0 1px 1px rgba(0, 0, 0, 0.075) inset; height: 22px; transition: border 0.2s ease 0s; width: 85px; text-indent:8px; color:#aaa; margin-left:5px;}

.ceez-head{border: 1px solid #e4e4e4; border-radius: 3px 3px 0 0; font-size: 14px; letter-spacing: 1px; padding: 5px 10px; text-transform: uppercase; margin-top:10px;}

.top{padding-top:25px;}

.none{display:none;}

.menu {background:#363B3F; float:left; width:100%; display: block; position:relative;}

.menu li {display: inline-block; position: relative; z-index: 10;}

.menu li:first-child {margin-left: 0;}

.menu li a {font-size: 14px; padding: 12px 15px; font-weight:600; text-decoration: none; display: block; color: #ddd; transition: all 0.2s ease-in-out 0s; }

.menu li a:hover,.menu li:hover&gt;a {color: #fff;}

.social-ico{float:right; display:inline; overflow:hidden; margin: 22px 0 0;}
.social-ico a{background:#f2f2f2; float: left; border: 1px solid #e6e6e6; margin:8px 6px 0 0; font-size: 10px; height: 33px; line-height: 33px; text-align: center; width: 38px;}
.social-ico a:hover{opacity:1}


.social-ico svg {height: 24px; width: 24px; margin-top: 5px;}
.social-ico a path{fill:#a0a0a0;}
.social-ico a:hover.tt1{background:#3B5998;}
.social-ico a:hover.tt2{background:#D64136;}
.social-ico a:hover.tt3{background:#55ACEE;}
.social-ico a:hover.tt4{background:#2ecc71;}

.social-ico a:hover path{fill:#fff;}

.share-but {text-align:center; margin:6px 0;}
.share-but amp-social-share{text-align:center; margin:0 0 0 8px;}
amp-social-share[type=&quot;twitter&quot;], 
amp-social-share[type=&quot;gplus&quot;], 
amp-social-share[type=&quot;facebook&quot;], 
amp-social-share[type=&quot;linkedin&quot;], 
amp-social-share[type=&quot;pinterest&quot;],
amp-social-share[type=&quot;whatsapp&quot;] {
  background-size:25px 25px;
  transition:all .4s ease-out;
}
amp-social-share[type=&quot;twitter&quot;] {background-color:#55ACEE;}
amp-social-share[type=&quot;gplus&quot;] {background-color:#D64136;}
amp-social-share[type=&quot;facebook&quot;] {background-color:#3B5998;}
amp-social-share[type=&quot;linkedin&quot;] {background-color:#0077B5}
amp-social-share[type=&quot;pinterest&quot;] {background-color:#BD081C}

amp-social-share[type=&quot;twitter&quot;]:hover {background-color:#55ACEE;}
amp-social-share[type=&quot;gplus&quot;]:hover {background-color:#DC4E41;}
amp-social-share[type=&quot;facebook&quot;]:hover {background-color:#3B5998;}
amp-social-share[type=&quot;linkedin&quot;]:hover {background-color:#0077B5;}
amp-social-share[type=&quot;pinterest&quot;]:hover {background-color:#BD081C;}

.post-body ol,.post-body ul { padding: 10px 0 20px;  margin: 0 0 0 25px;  text-align: left;  }
.post-body ol li { list-style-type: decimal;  padding:0 0 5px;  }
.post-body ul li { list-style-type: square;  padding: 0 0 5px;  }

.whats{display:none;}

.site-color-preloader &gt; div {background: rgba(0, 0, 0, 0) linear-gradient(to right, #3498db 0px, #3498db 12.5%, #2ecc71 12.5%, #2ecc71 25%, #87cc2e 25%, #87cc2e 37.5%, #ff5a00 37.5%, #ff5a00 50%, #9b59b6 50%, #9b59b6 62.5%, #e73c91 62.5%, #e73c91 75%, #f4cb0d 75%, #f4cb0d 87.5%, #566090 87.5%, #566090 100%); clear:both; opacity: 0.45; height: 8px; width: 100%;}

.post { margin: 20px 0; padding: 0px 0px; }
.post-title {font-size: 22px; color:#444; font-weight: 500; line-height: 29px; margin: 0px 0 0px;}
.post-title a {color:#444;}
.post-body { padding: 0; margin:0; text-transform: auto; word-wrap:break-word;  }
.post-body img{max-width:100%; height:auto;}
.title-secondary a, .title-secondary{color:#aaa; font-size:13px; color:#909090; margin:5px 0;}
.title-secondary a:hover, .post-title a:hover{color: #1F5CA8;}
.bukshan img, .fuller img{height:100%; width: 100%; transition:all .3s ease-out;}
.bukshan{width:30%; position:relative; margin:3px 20px 3px 0; float:left;}

.fuller{width:100%; margin:0px 0px 15px; display:block;}

blockquote {border-color: #CCCCCC; border-style: dashed; border-width: 2px 0; color: #888; font-style: italic; margin: 10px 0 10px 0; padding:1% 16px 2%;}

.sub-dd {background: #444; border-radius:4px; margin:6px 0 0; float: left; text-align:center; padding:12px 0; width: 100%;}
.sub-dd input{border: 0; background:#303030; font-size: 13.5px; border:0; margin: 0px; padding: 6px 0px; text-align:center; color:#999; width: 88%;}
.sub-dd a{background: #303030; font-size:13px; border-radius:4px; display:inline-block; margin: 8px 0 0; width:82px; height:27px; line-height:27px;}
.sub-dd a:hover{}
.sub-dd h5{font-size:15px; color:#aaa; margin:0 0 12px;}

.crosscol{text-align:center; margin:0px 0 0px;}

.post-body h2, .post-body h3, .post-body h4, .post-body h5, .post-body h6{ margin:6px 0;}

#footer{background:#303030; padding:14px 0 0px; margin:25px 0 0; width:100%; float:left; color:#aaa; }
.footer{width:29.6%; margin:0 14px 10px; float:left;} 
.gazer{margin:0 -14px;}
.footer h3{color:#fff; margin: 0 0 6px;}
.footer li{border-bottom: 1px solid #3c3c3c; margin: 0; padding: 5px 0 5px 5px; text-transform: capitalize;}
.footer li:last-child{border-bottom:none;}

.footer a{color:#aaa;}
.attribution {padding:14px 0; display:block; text-align:center; border-top:1px solid #3c3c3c; }
.attribution a, .footer a:hover{color:#fff;}
.attribution a:hover{color:#ddd;}

#comments{ }


.status-msg-wrap {font-size: 110%; margin: 16px auto; position: relative; width: 90%;}
.status-msg-hidden {padding: 0.3em 0; visibility: hidden;}
.status-msg-bg {background-color: #e9e9e9; opacity: 0.8; position: relative; width: 100%; z-index: 1;}
.status-msg-border {border: 1px solid #bbb; opacity: 0.4; position: relative; width: 100%;}
.status-msg-body {padding: 0.3em 0; position: absolute; text-align: center; width: 100%; z-index: 4;}

h2.date-header, .feed-links{display:none;}

#blog-pager-newer-link{float:left;font-size:100%;border-right:1px solid #eee;}
#blog-pager-older-link{float:right;font-size:100%;border-left:1px solid #eee;}
.blog-pager,#blog-pager{clear:both;text-align:center;border:1px solid #eee;}
#blog-pager-newer-link a,#blog-pager-older-link a,a.home-link{color:#666;transition:all .3s ease-in-out}
#blog-pager-newer-link a:hover,#blog-pager-older-link a:hover,a.home-link:hover{color:#1F5CA8}
a.blog-pager-older-link,a.blog-pager-newer-link,a.home-link{display:block;padding:8px 20px;transition:all .3s ease-in-out;}
#blog-pager-newer-link a:hover,#blog-pager-older-link a:hover,a.home-link:hover,a.home-box:hover,.mobile-desktop-link a.home-link:hover{color:#1F5CA8;}
.mobile-desktop-link a.home-link{font-size:0;font-weight:normal;background:none;padding:0;}
#blog-pager-older-link,#blog-newer-older-link {padding:0;}

.bukshan img:hover{opacity:0.6; }


@media (max-width: 840px) {

.ct-wrapper{margin:0;}
.container{padding:0 16px;}

}


@media (max-width: 800px) {

#header {width: 45%;}
.bukshan{width: 32%;}

}

@media (max-width: 700px) {

#header{width:70%;}
.social-ico{position:absolute; top:0; right:10px;}
.footer{width:28%;}
.whats{display:inline-block;}

}

@media (max-width: 600px) {

}

@media (max-width: 500px) {

.descriptionwrapper{ border-left:0; margin: 0px; padding-left:3px;}
.titlewrapper{float:none;}
.bukshan {width:40%; margin-right:10px;}
.post-title {font-size: 18px; line-height:24px;}
.footer{width:42.2%;}

}


@media (max-width: 400px) {

#header{width: 90%;}
.bukshan {width:;}
.footer{width:92%;}

}

@media (max-width: 340px) {
.social-ico{display:none;}
.footer{width:91%;}

}

@media (max-width: 300px) {

}

@media (max-width: 260px) {
.container{}
.bukshan{width:100%; margin:0 0 10px;}
.footer{width:88%;}

}

</style>

<style amp-boilerplate='amp-boilerplate'>body{-webkit-animation:-amp-start 8s steps(1,end) 0s 1 normal both;-moz-animation:-amp-start 8s steps(1,end) 0s 1 normal both;-ms-animation:-amp-start 8s steps(1,end) 0s 1 normal both;animation:-amp-start 8s steps(1,end) 0s 1 normal both}@-webkit-keyframes -amp-start{from{visibility:hidden}to{visibility:visible}}@-moz-keyframes -amp-start{from{visibility:hidden}to{visibility:visible}}@-ms-keyframes -amp-start{from{visibility:hidden}to{visibility:visible}}@-o-keyframes -amp-start{from{visibility:hidden}to{visibility:visible}}@keyframes -amp-start{from{visibility:hidden}to{visibility:visible}}</style><noscript><style amp-boilerplate='amp-boilerplate'>body{-webkit-animation:none;-moz-animation:none;-ms-animation:none;animation:none}</style></noscript>
<script async='async' src='https://cdn.ampproject.org/v0.js'/>
<script async='async' custom-element='amp-ad' src='https://cdn.ampproject.org/v0/amp-ad-0.1.js'/>
<script async='async' custom-element='amp-youtube' src='https://cdn.ampproject.org/v0/amp-youtube-0.1.js'/>
<script async='async' custom-element='amp-analytics' src='https://cdn.ampproject.org/v0/amp-analytics-0.1.js'/>
<script async='async' custom-element='amp-social-share' src='https://cdn.ampproject.org/v0/amp-social-share-0.1.js'/>
<script async='async' custom-element='amp-install-serviceworker' src='https://cdn.ampproject.org/v0/amp-install-serviceworker-0.1.js'/>

  </head>

  <body expr:class='&quot;loading&quot; + data:blog.mobileClass' itemscope='itemscope' itemtype='http://schema.org/WebPage'>

 <amp-analytics id='analytics1' type='googleanalytics'>
<script type='application/json'>
{
  &quot;vars&quot;: {
    &quot;account&quot;: &quot;UA-8888888-1&quot;
  },
  &quot;triggers&quot;: {
    &quot;trackPageview&quot;: {
      &quot;on&quot;: &quot;visible&quot;,
      &quot;request&quot;: &quot;pageview&quot;
    }
  }
}
</script>
</amp-analytics> 

  <b:if cond='data:blog.pageType == &quot;index&quot;'>
    <div class='none' itemscope='itemscope' itemtype='http://schema.org/Blog'>
      <meta expr:content='data:blog.title' itemprop='name'/>
      <b:if cond='data:blog.metaDescription'>
        <meta expr:content='data:blog.metaDescription' itemprop='description'/>
      </b:if>
    </div>
  </b:if>

  <div class='ct-wrapper'>

<div class='container'>


     <div id='navigation'>

      <div class='header-inner-wrap'>
        <b:section class='header' id='header' maxwidgets='1' showaddelement='yes'>
          <b:widget id='Header1' locked='true' title='Amp Btheme (Header)' type='Header' version='1'>
            <b:includable id='main'>

  <b:if cond='data:useImage'>
    <b:if cond='data:imagePlacement == &quot;BEHIND&quot;'>
      <!--
      Show image as background to text. You can't really calculate the width
      reliably in JS because margins are not taken into account by any of
      clientWidth, offsetWidth or scrollWidth, so we don't force a minimum
      width if the user is using shrink to fit.
      This results in a margin-width's worth of pixels being cropped. If the
      user is not using shrink to fit then we expand the header.
      -->
      <b:if cond='data:mobile'>
          <div id='header-inner'>
            <div class='titlewrapper'>
                <b:include name='title'/>
            </div>
            <b:include name='description'/>
          </div>
        <b:else/>
          <div id='header-inner'>
            <div class='titlewrapper'>
                <b:include name='title'/>
            </div>
            <b:include name='description'/>
          </div>
        </b:if>
    <b:else/>
      <!--Show the image only-->
      <div id='header-inner'>
       <a expr:href='data:blog.homepageUrl'>
          <img expr:alt='data:title' expr:height='data:height' expr:id='data:widget.instanceId + &quot;_headerimg&quot;' expr:src='data:sourceUrl' expr:width='data:width'/>
          </a>
        <!--Show the description-->
        <b:if cond='data:imagePlacement == &quot;BEFORE_DESCRIPTION&quot;'>
          <b:include name='description'/>
        </b:if>
      </div>
    </b:if>
  <b:else/>
    <!--No header image -->
    <div id='header-inner'>
      <div class='titlewrapper'>
          <b:include name='title'/>
      </div>
      <b:include name='description'/>
    </div>
  </b:if>
</b:includable>
            <b:includable id='description'>
  <div class='descriptionwrapper'>
    <p class='description'><span><data:description/></span></p>
  </div>
</b:includable>
            <b:includable id='title'>

<b:if cond='data:blog.pageType != &quot;item&quot;'>
<h1 class='title'>
<a expr:href='data:blog.homepageUrl' expr:title='data:blog.title' itemprop='url'>
<span itemprop='name'><data:title/></span>
</a>
</h1>
</b:if>

<b:if cond='data:blog.pageType == &quot;item&quot;'>
<h2 class='title'>
<a expr:href='data:blog.homepageUrl' expr:title='data:blog.title' itemprop='url'>
<span itemprop='name'><data:title/></span>
</a>
</h2>
</b:if>

</b:includable>
          </b:widget>
        </b:section>
      </div>

<div class='social-ico'>

<!-- Social Profile Icons -->

<a class='tt1' href='YOUR-FACEBOOK-URL' target='_blank' title='Like us'>
<svg viewBox='0 0 512 512'><path d='M211.9 197.4h-36.7v59.9h36.7V433.1h70.5V256.5h49.2l5.2-59.1h-54.4c0 0 0-22.1 0-33.7 0-13.9 2.8-19.5 16.3-19.5 10.9 0 38.2 0 38.2 0V82.9c0 0-40.2 0-48.8 0 -52.5 0-76.1 23.1-76.1 67.3C211.9 188.8 211.9 197.4 211.9 1'/></svg>
</a>

<a class='tt3' href='YOUR-TWITTER-URL' target='_blank' title='Twitter'>
<svg viewBox='0 0 512 512'><path d='M210.8 80.3c-2.3 18.3-6.4 33.4-12.4 45.2 -6 11.9-13.9 22-23.9 30.5 -9.9 8.5-21.8 14.9-35.7 19.5v50.6h38.9v124.5c0 16.2 1.7 28.6 5.1 37.1 3.4 8.5 9.5 16.6 18.3 24.2 8.8 7.6 19.4 13.4 31.9 17.5 12.5 4.1 26.8 6.1 43 6.1 14.3 0 27.6-1.4 39.9-4.3 12.3-2.9 26-7.9 41.2-15v-55.9c-17.8 11.7-35.7 17.5-53.7 17.5 -10.1 0-19.1-2.4-27-7.1 -5.9-3.5-10-8.2-12.2-14 -2.2-5.8-3.3-19.1-3.3-39.7v-91.1H345.5v-55.8h-84.4v-90H210.8z'/></svg>
</a>

<a class='tt2' href='YOUR-GOOGLE+-URL' target='_blank' title='Add to Circle'>
<svg viewBox='0 0 512 512'><path d='M179.7 237.6L179.7 284.2 256.7 284.2C253.6 304.2 233.4 342.9 179.7 342.9 133.4 342.9 95.6 304.4 95.6 257 95.6 209.6 133.4 171.1 179.7 171.1 206.1 171.1 223.7 182.4 233.8 192.1L270.6 156.6C247 134.4 216.4 121 179.7 121 104.7 121 44 181.8 44 257 44 332.2 104.7 393 179.7 393 258 393 310 337.8 310 260.1 310 251.2 309 244.4 307.9 237.6L179.7 237.6 179.7 237.6ZM468 236.7L429.3 236.7 429.3 198 390.7 198 390.7 236.7 352 236.7 352 275.3 390.7 275.3 390.7 314 429.3 314 429.3 275.3 468 275.3'/></svg>
</a>

<a class='tt4' href='SUBSCRIBE-EMAIL' target='_blank' title='Email'>
<svg viewBox='0 0 512 512'><path d='M101.3 141.6v228.9h0.3 308.4 0.8V141.6H101.3zM375.7 167.8l-119.7 91.5 -119.6-91.5H375.7zM127.6 194.1l64.1 49.1 -64.1 64.1V194.1zM127.8 344.2l84.9-84.9 43.2 33.1 43-32.9 84.7 84.7L127.8 344.2 127.8 344.2zM384.4 307.8l-64.4-64.4 64.4-49.3V307.8z'/></svg>
</a>

</div>


<nav class='main-nav' itemscope='itemscope' itemtype='http://schema.org/SiteNavigationElement' role='navigation'>
   
<ul class='menu'>

<!-- Customize Navigation Menu Here -->

<li class='home'><a expr:href='data:blog.homepageUrl'>Home</a></li>

<li><a href='#' itemprop='url'><span itemprop='name'>Gadgets</span></a></li>

<li><a href='#' itemprop='url'><span itemprop='name'>Humor</span></a></li>

<li><a href='#' itemprop='url'><span itemprop='name'>Internet</span></a></li>

<li><a href='#' itemprop='url'><span itemprop='name'>Social</span></a></li>

<li><a href='#' itemprop='url'><span itemprop='name'>Venture</span></a></li>

</ul>

</nav>

</div>

<div class='site-color-preloader'>
<div/>
</div>

<div class='clear'/>

    <div class='outer-wrapper'>
  
<b:if cond='data:blog.url == data:blog.homepageUrl'>

</b:if>

    <div class='main-wrapper'>

        <div class='main-inner-wrap'>

<b:if cond='data:blog.url == data:blog.homepageUrl'>


</b:if>

          <b:section class='main' id='main' showaddelement='no'>
            <b:widget id='Blog1' locked='true' title='Blog Posts' type='Blog' version='1'>
              <b:includable id='main' var='top'>
   <b:if cond='data:mobile == &quot;false&quot;'>

    <!-- posts -->
    <div class='blog-posts hfeed'>

      <b:include data='top' name='status-message'/>

      <b:loop values='data:posts' var='post'>
        <b:if cond='data:post.isDateStart'>
          <b:if cond='data:post.isFirstPost == &quot;false&quot;'>
            &lt;/div&gt;&lt;/div&gt;
          </b:if>
        </b:if>
        <b:if cond='data:post.isDateStart'>
          &lt;div class=&quot;date-outer&quot;&gt;
        </b:if>
        <b:if cond='data:post.isDateStart'>
          &lt;div class=&quot;date-posts&quot;&gt;
        </b:if>
        <div class='post-outer'>
        <b:include data='post' name='post'/>
        <b:if cond='data:blog.pageType == &quot;static_page&quot;'>
          <b:if cond='data:post.showThreadedComments'>
            <b:include data='post' name='threaded_comments'/>
          <b:else/>
            <b:include data='post' name='comments'/>
          </b:if>
        </b:if>
        <b:if cond='data:blog.pageType == &quot;item&quot;'>
          <b:if cond='data:post.showThreadedComments'>
            <b:include data='post' name='threaded_comments'/>
          <b:else/>
            <b:include data='post' name='comments'/>
          </b:if>
        </b:if>
        </div>
      </b:loop>
      <b:if cond='data:numPosts != 0'>
        &lt;/div&gt;&lt;/div&gt;
      </b:if>
      <data:adEnd/>
    </div>

    <!-- navigation -->
<b:if cond='data:blog.pageType != &quot;item&quot;'>
<b:include name='nextprev'/>
</b:if>



  <b:else/>
    <b:include name='mobile-main'/>
  </b:if>

</b:includable>
              <b:includable id='backlinkDeleteIcon' var='backlink'>
  <span expr:class='&quot;item-control &quot; + data:backlink.adminClass'>
    <a expr:href='data:backlink.deleteUrl' expr:title='data:top.deleteBacklinkMsg'>
      <img src='https://resources.blogblog.com/img/icon_delete13.gif'/>
    </a>
  </span>
</b:includable>
              <b:includable id='backlinks' var='post'>
  <a name='links'/><h4><data:post.backlinksLabel/></h4>
  <b:if cond='data:post.numBacklinks != 0'>
    <dl class='comments-block' id='comments-block'>
      <b:loop values='data:post.backlinks' var='backlink'>
        <div class='collapsed-backlink backlink-control'>
          <dt class='comment-title'>
            <span class='backlink-toggle-zippy'>&#160;</span>
            <a expr:href='data:backlink.url' rel='nofollow'><data:backlink.title/></a>
            <b:include data='backlink' name='backlinkDeleteIcon'/>
          </dt>
          <dd class='comment-body collapseable'>
            <data:backlink.snippet/>
          </dd>
          <dd class='comment-footer collapseable'>
            <span class='comment-author'><data:post.authorLabel/> <data:backlink.author/></span>
            <span class='comment-timestamp'><data:post.timestampLabel/> <data:backlink.timestamp/></span>
          </dd>
        </div>
      </b:loop>
    </dl>
  </b:if>
  <p class='comment-footer'>
    <a class='comment-link' expr:href='data:post.createLinkUrl' expr:id='data:widget.instanceId + &quot;_backlinks-create-link&quot;' target='_blank'><data:post.createLinkLabel/></a>
  </p>
</b:includable>
              <b:includable id='comment-form' var='post'>
  <!--<div class='comment-form'>
    <a name='comment-form'/>
    <b:if cond='data:mobile'>
      <h4 id='comment-post-message'>
        <a expr:id='data:widget.instanceId + &quot;_comment-editor-toggle-link&quot;' href='javascript:void(0)'><data:postCommentMsg/></a></h4>
      <p><data:blogCommentMessage/></p>
      <data:blogTeamBlogMessage/>
      <a expr:href='data:post.commentFormIframeSrc' id='comment-editor-src'/>
      <iframe allowtransparency='' class='blogger-iframe-colorize blogger-comment-from-post' frameborder='0' height='410' id='comment-editor' src='' style='display: none' width='100%'/>
    <b:else/>
      <h4 id='comment-post-message'><data:postCommentMsg/></h4>
      <p><data:blogCommentMessage/></p>
      <data:blogTeamBlogMessage/>
      <a expr:href='data:post.commentFormIframeSrc' id='comment-editor-src'/>
      <iframe allowtransparency='' class='blogger-iframe-colorize blogger-comment-from-post' frameborder='0' height='410' id='comment-editor' src='' width='100%'/>
    </b:if>-->
   <!-- <data:post.friendConnectJs/>
    <data:post.cmtfpIframe/>
    <script>
      BLOG_CMT_createIframe('<data:post.appRpcRelayPath/>', '<data:post.communityId/>');
    </script>
  </div>-->
</b:includable>
              <b:includable id='commentDeleteIcon' var='comment'>
  <span expr:class='&quot;item-control &quot; + data:comment.adminClass'>
    <b:if cond='data:showCmtPopup'>
      <div class='goog-toggle-button'>
        <div class='goog-inline-block comment-action-icon'/>
      </div>
    <b:else/>
      <a class='comment-delete' expr:href='data:comment.deleteUrl' expr:title='data:top.deleteCommentMsg'>
        <img src='https://resources.blogblog.com/img/icon_delete13.gif'/>
      </a>
    </b:if>
  </span>
</b:includable>
              <b:includable id='comment_count_picker' var='post'>
  <b:if cond='data:post.commentSource == 1'>
    <span class='cmt_count_iframe_holder' expr:data-count='data:post.numComments' expr:data-onclick='data:post.addCommentOnclick' expr:data-post-url='data:post.url' expr:data-url='data:post.url.canonical.http'>
    </span>
  <b:else/>
    <a class='comment-link' expr:href='data:post.addCommentUrl' expr:onclick='data:post.addCommentOnclick'>
      <data:post.commentLabelFull/>:
    </a>
  </b:if>
</b:includable>
              <b:includable id='comment_picker' var='post'>
  <b:if cond='data:post.commentSource == 1'>
    <b:include data='post' name='iframe_comments'/>
  <b:elseif cond='data:post.showThreadedComments'/>
    <b:include data='post' name='threaded_comments'/>
  <b:else/>
    <b:include data='post' name='comments'/>
  </b:if>
</b:includable>
              <b:includable id='comments' var='post'>
  <!-- <div class='comments' id='comments'>
    <b:if cond='data:post.allowComments'>
      <h4>
        <b:if cond='data:post.numComments == 1'>
          1 <data:commentLabel/>:
        <b:else/>
          <data:post.numComments/> <data:commentLabelPlural/>:
        </b:if>
      </h4>

      <b:if cond='data:post.commentPagingRequired'>
        <span class='paging-control-container'>
          <a expr:class='data:post.oldLinkClass' expr:href='data:post.oldestLinkUrl'><data:post.oldestLinkText/></a>
          &#160;
          <a expr:class='data:post.oldLinkClass' expr:href='data:post.olderLinkUrl'><data:post.olderLinkText/></a>
          &#160;
          <data:post.commentRangeText/>
          &#160;
          <a expr:class='data:post.newLinkClass' expr:href='data:post.newerLinkUrl'><data:post.newerLinkText/></a>
          &#160;
          <a expr:class='data:post.newLinkClass' expr:href='data:post.newestLinkUrl'><data:post.newestLinkText/></a>
        </span>
      </b:if>

      <div expr:id='data:widget.instanceId + &quot;_comments-block-wrapper&quot;'>
        <dl expr:class='data:post.avatarIndentClass' id='comments-block'>
          <b:loop values='data:post.comments' var='comment'>
            <dt expr:class='&quot;comment-author &quot; + data:comment.authorClass' expr:id='data:comment.anchorName'>
              <b:if cond='data:comment.favicon'>
                <img expr:src='data:comment.favicon' height='16px' style='margin-bottom:-2px;' width='16px'/>
              </b:if>
              <a expr:name='data:comment.anchorName'/>
              <b:if cond='data:blog.enabledCommentProfileImages'>
                <data:comment.authorAvatarImage/>
              </b:if>
              <b:if cond='data:comment.authorUrl'>
                <a expr:href='data:comment.authorUrl' rel='nofollow'><data:comment.author/></a>
              <b:else/>
                <data:comment.author/>
              </b:if>
              <data:commentPostedByMsg/>
            </dt>
            <dd class='comment-body' expr:id='data:widget.instanceId + data:comment.cmtBodyIdPostfix'>
              <b:if cond='data:comment.isDeleted'>
                <span class='deleted-comment'><data:comment.body/></span>
              <b:else/>
                <p>
                  <data:comment.body/>
                </p>
              </b:if>
            </dd>
            <dd class='comment-footer'>
              <span class='comment-timestamp'>
                <a expr:href='data:comment.url' title='comment permalink'>
                  <data:comment.timestamp/>
                </a>
                <b:include data='comment' name='commentDeleteIcon'/>
              </span>
            </dd>
          </b:loop>
        </dl>
      </div>

      <b:if cond='data:post.commentPagingRequired'>
        <span class='paging-control-container'>
          <a expr:class='data:post.oldLinkClass' expr:href='data:post.oldestLinkUrl'>
            <data:post.oldestLinkText/>
          </a>
          <a expr:class='data:post.oldLinkClass' expr:href='data:post.olderLinkUrl'>
            <data:post.olderLinkText/>
          </a>
          &#160;
          <data:post.commentRangeText/>
          &#160;
          <a expr:class='data:post.newLinkClass' expr:href='data:post.newerLinkUrl'>
            <data:post.newerLinkText/>
          </a>
          <a expr:class='data:post.newLinkClass' expr:href='data:post.newestLinkUrl'>
            <data:post.newestLinkText/>
          </a>
        </span>
      </b:if>

      <p class='comment-footer'>
        <b:if cond='data:post.embedCommentForm'>
          <b:if cond='data:post.allowNewComments'>
            <b:include data='post' name='comment-form'/>
          <b:else/>
            <data:post.noNewCommentsText/>
          </b:if>
        <b:else/>
          <b:if cond='data:post.allowComments'>
            <a expr:href='data:post.addCommentUrl' expr:onclick='data:post.addCommentOnclick'><data:postCommentMsg/></a>
          </b:if>
        </b:if>

      </p>
    </b:if>
    <b:if cond='data:showCmtPopup'>
      <div id='comment-popup'>
        <amp-iframe allowtransparency='true' frameborder='0' id='comment-actions' name='comment-actions' scrolling='no'>
        </amp-iframe>
      </div>
    </b:if>

    <div id='backlinks-container'>
    <div expr:id='data:widget.instanceId + &quot;_backlinks-container&quot;'>
       <b:if cond='data:post.showBacklinks'>
         <b:include data='post' name='backlinks'/>
       </b:if>
    </div>
    </div>
  </div> -->
</b:includable>
              <b:includable id='feedLinks'>
  <b:if cond='data:blog.pageType != &quot;item&quot;'> <!-- Blog feed links -->
    <b:if cond='data:feedLinks'>
      <div class='blog-feeds'>
        <b:include data='feedLinks' name='feedLinksBody'/>
      </div>
    </b:if>

  <b:else/> <!--Post feed links -->
    <div class='post-feeds'>
      <b:loop values='data:posts' var='post'>
        <b:include cond='data:post.allowComments and data:post.feedLinks' data='post.feedLinks' name='feedLinksBody'/>
      </b:loop>
    </div>
  </b:if>
</b:includable>
              <b:includable id='feedLinksBody' var='links'>
</b:includable>
              <b:includable id='iframe_comments' var='post'>

  <b:if cond='data:post.allowIframeComments'>
    <script expr:src='data:post.iframeCommentSrc' type='text/javascript'/>
    <div class='cmt_iframe_holder' expr:data-href='data:post.url.canonical' expr:data-viewtype='data:post.viewType'/>

    <b:if cond='data:post.embedCommentForm == &quot;false&quot;'>
      <a expr:href='data:post.addCommentUrl' expr:onclick='data:post.addCommentOnclick'><data:postCommentMsg/></a>
    </b:if>
  </b:if>
</b:includable>
              <b:includable id='mobile-index-post' var='post'>
  <div class='mobile-date-outer date-outer'>
    <b:if cond='data:post.dateHeader'>
      <div class='date-header'>
        <span><data:post.dateHeader/></span>
      </div>
    </b:if>

    <div class='mobile-post-outer'>
      <a expr:href='data:post.url'>
        <h3 class='mobile-index-title entry-title' itemprop='name'>
          <data:post.title/>
        </h3>

        <div class='mobile-index-arrow'>&amp;rsaquo;</div>

        <div class='mobile-index-contents'>
          <b:if cond='data:post.thumbnailUrl'>
            <div class='mobile-index-thumbnail'>
              <div class='Image'>
                <img expr:src='data:post.thumbnailUrl'/>
              </div>
            </div>
          </b:if>

          <div class='post-body'>
            <b:if cond='data:post.snippet'><data:post.snippet/></b:if>
          </div>
        </div>

  <div class='clear'/>
      </a>

      <div class='mobile-index-comment'>
        <b:include cond='data:blog.pageType != &quot;static_page&quot;                          and data:post.allowComments                          and data:post.numComments != 0' data='post' name='comment_count_picker'/>
      </div>
    </div>
  </div>
</b:includable>
              <b:includable id='mobile-main' var='top'>
    <!-- posts -->
    <div class='blog-posts hfeed'>

      <b:include data='top' name='status-message'/>

      <b:if cond='data:blog.pageType == &quot;index&quot;'>
        <b:loop values='data:posts' var='post'>
          <b:include data='post' name='mobile-index-post'/>
        </b:loop>
      <b:else/>
        <b:loop values='data:posts' var='post'>
          <b:include data='post' name='mobile-post'/>
        </b:loop>
      </b:if>
    </div>

   <b:include name='mobile-nextprev'/>
</b:includable>
              <b:includable id='mobile-nextprev'>
  <div class='blog-pager' id='blog-pager'>
    <b:if cond='data:newerPageUrl'>
      <div class='mobile-link-button' id='blog-pager-newer-link'>
      <a class='blog-pager-newer-link' expr:href='data:newerPageUrl' expr:id='data:widget.instanceId + &quot;_blog-pager-newer-link&quot;' expr:title='data:newerPageTitle'>&amp;lsaquo;</a>
      </div>
    </b:if>

    <b:if cond='data:olderPageUrl'>
      <div class='mobile-link-button' id='blog-pager-older-link'>
      <a class='blog-pager-older-link' expr:href='data:olderPageUrl' expr:id='data:widget.instanceId + &quot;_blog-pager-older-link&quot;' expr:title='data:olderPageTitle'>&amp;rsaquo;</a>
      </div>
    </b:if>

    <div class='mobile-link-button' id='blog-pager-home-link'>
    <a class='home-link' expr:href='data:blog.homepageUrl'><data:homeMsg/></a>
    </div>

    <div class='mobile-desktop-link'>
      <a class='home-link' expr:href='data:desktopLinkUrl'><data:desktopLinkMsg/></a>
    </div>

  </div>
  <div class='clear'/>
</b:includable>
              <b:includable id='mobile-post' var='post'>
  <div class='date-outer'>
    <b:if cond='data:post.dateHeader'>
      <h2 class='date-header'><span><data:post.dateHeader/></span></h2>
    </b:if>
    <div class='date-posts'>
      <div class='post-outer'>

        <div class='post hentry uncustomized-post-template'>
          <b:if cond='data:post.title'>
            <h3 class='post-title entry-title'>
              <b:if cond='data:post.link'>
                <a expr:href='data:post.link'><data:post.title/></a>
              <b:else/>
                <b:if cond='data:post.url'>
                  <b:if cond='data:blog.url != data:post.url'>
                    <a expr:href='data:post.url'><data:post.title/></a>
                  <b:else/>
                    <data:post.title/>
                  </b:if>
                <b:else/>
                  <data:post.title/>
                </b:if>
              </b:if>
            </h3>
          </b:if>

          <div class='post-header'>
            <div class='post-header-line-1'/>
          </div>

          <div class='post-body entry-content' expr:id='&quot;post-body-&quot; + data:post.id'>
            <data:post.body/>
            <div class='clear'/> <!-- clear for photos floats -->
          </div>

          <div class='post-footer'>
            <div class='post-footer-line post-footer-line-1'>
            </div>

            <div class='post-footer-line post-footer-line-2'>
            </div>

          </div>
        </div>

        <b:if cond='data:blog.pageType == &quot;static_page&quot;'>
          <b:if cond='data:post.showThreadedComments'>
            <b:include data='post' name='threaded_comments'/>
          <b:else/>
            <b:include data='post' name='comments'/>
          </b:if>
        </b:if>
        <b:if cond='data:blog.pageType == &quot;item&quot;'>
          <b:if cond='data:post.showThreadedComments'>
            <b:include data='post' name='threaded_comments'/>
          <b:else/>
            <b:include data='post' name='comments'/>
          </b:if>
        </b:if>
      </div>
    </div>
  </div>
</b:includable>
              <b:includable id='nextprev'>
  <div class='blog-pager' id='blog-pager'>
    <b:if cond='data:newerPageUrl'>
      <span id='blog-pager-newer-link'>
      <a class='blog-pager-newer-link' expr:href='data:newerPageUrl' expr:id='data:widget.instanceId + &quot;_blog-pager-newer-link&quot;' expr:title='data:newerPageTitle'><data:newerPageTitle/></a>
      </span>
    </b:if>

    <b:if cond='data:olderPageUrl'>
      <span id='blog-pager-older-link'>
      <a class='blog-pager-older-link' expr:href='data:olderPageUrl' expr:id='data:widget.instanceId + &quot;_blog-pager-older-link&quot;' expr:title='data:olderPageTitle'><data:olderPageTitle/></a>
      </span>
    </b:if>

    <a class='home-link' expr:href='data:blog.homepageUrl'><data:homeMsg/></a>

    <b:if cond='data:mobileLinkUrl'>
      <div class='blog-mobile-link'>
        <a expr:href='data:mobileLinkUrl'><data:mobileLinkMsg/></a>
      </div>
    </b:if>

  </div>
  <div class='clear'/>
</b:includable>
              <b:includable id='post' var='post'>
  <article class='post hentry' itemscope='itemscope' itemtype='http://schema.org/Blog'>

    <b:if cond='data:post.firstImageUrl'>
      <meta expr:content='data:post.firstImageUrl' itemprop='image'/>
    </b:if>

<b:if cond='data:blog.pageType == &quot;item&quot;'>
<b:if cond='data:post.firstImageUrl'>
<div class='fuller'><amp-img expr:src='data:post.firstImageUrl' height='260' layout='responsive' width='780'/></div>
</b:if> 
</b:if>

<b:if cond='data:blog.pageType != &quot;static_page&quot;'>
<b:if cond='data:blog.pageType != &quot;item&quot;'>

<b:if cond='data:post.firstImageUrl'>
<a expr:href='data:post.url' expr:title='data:post.title'><div class='bukshan'><amp-img expr:src='data:post.firstImageUrl' height='395' layout='responsive' width='770'/></div>
</a><b:else/>
<a expr:href='data:post.url' expr:title='data:post.title'><div class='bukshan'><amp-img height='395' layout='responsive' src='http://1.bp.blogspot.com/-Nit_LiUtMHE/VflsSxNxENI/AAAAAAAADiM/CuVVm4SVl8E/s320/No-image-bt9.jpg' width='770'/></div>
</a>
</b:if> 

</b:if>
</b:if>

<div class='post-inner'>

<b:if cond='data:blog.pageType != &quot;item&quot;'>

    <b:if cond='data:post.title'>
      <h2 class='post-title entry-title' itemprop='headline'>
      <b:if cond='data:post.link'>
        <a expr:href='data:post.link' itemprop='url' rel='bookmark'><data:post.title/></a>
      <b:else/>
        <b:if cond='data:post.url'>
          <b:if cond='data:blog.url != data:post.url'>
            <a expr:href='data:post.url' itemprop='url' rel='bookmark'><data:post.title/></a>
          <b:else/>
            <data:post.title/>
          </b:if>
        <b:else/>
          <data:post.title/>
        </b:if>
      </b:if>
      </h2>
    </b:if>

</b:if>

<b:if cond='data:blog.pageType == &quot;item&quot;'>

    <b:if cond='data:post.title'>
      <h1 class='post-title entry-title' itemprop='headline'>
      <b:if cond='data:post.link'>
        <a expr:href='data:post.link' itemprop='url' rel='bookmark'><data:post.title/></a>
      <b:else/>
        <b:if cond='data:post.url'>
          <b:if cond='data:blog.url != data:post.url'>
            <a expr:href='data:post.url' itemprop='url' rel='bookmark'><data:post.title/></a>
          <b:else/>
            <data:post.title/>
          </b:if>
        <b:else/>
          <data:post.title/>
        </b:if>
      </b:if>
      </h1>
    </b:if>

</b:if>

<div class='title-secondary'>

<span class='post-author vcard'>
        <b:if cond='data:top.showAuthor'>
          <data:top.authorLabel/>
            <b:if cond='data:post.authorProfileUrl'>
              <span class='fn' itemprop='author' itemscope='itemscope' itemtype='http://schema.org/Person'>
                <meta expr:content='data:post.authorProfileUrl' itemprop='url'/>
                <a class='g-profile' expr:href='data:post.authorProfileUrl' rel='author' title='author profile'>
                  <span itemprop='name'><data:post.author/></span>
                </a>
              </span>
            <b:else/>
              <span class='fn' itemprop='author' itemscope='itemscope' itemtype='http://schema.org/Person'>
                <span itemprop='name'><data:post.author/></span>
              </span>
            </b:if>
        </b:if>
      </span>

<span class='post-timestamp'>
        <b:if cond='data:top.showTimestamp'>
          <data:top.timestampLabel/>
          <b:if cond='data:post.url'>
            <meta expr:content='data:post.url.canonical'/>
            <a class='timestamp-link' expr:href='data:post.url' rel='bookmark' title='permanent link'><abbr class='published' expr:title='data:post.timestampISO8601' itemprop='datePublished'><data:post.timestamp/></abbr></a>
          </b:if>
        </b:if>
      </span>

        <!-- quickedit pencil -->

</div>

<b:if cond='data:blog.pageType == &quot;item&quot;'>

<!-- Show Ads Below Post Title -->

</b:if>

    <div class='post-header'>
    <div class='post-header-line-1'/>
    </div>


    <div class='post-body entry-content' expr:id='&quot;post-body-&quot; + data:post.id'>

<b:if cond='data:blog.pageType != &quot;static_page&quot;'>
  <b:if cond='data:blog.pageType != &quot;item&quot;'>
    <div class='post-snippet' itemprop='description'>
      <p><data:post.snippet/></p>
    </div>
</b:if>
</b:if>

<b:if cond='data:blog.pageType == &quot;item&quot;'>
  <data:post.body/>
<div class='share-but'>  
<amp-social-share data-param-app_id='254325784911610' height='35' type='facebook' width='35'/>
<amp-social-share height='35' type='twitter' width='35'/> 
<amp-social-share height='35' type='gplus' width='35'/>
<amp-social-share height='35' type='pinterest' width='35'/>
<amp-social-share class='whats' height='35' type='whatsapp' width='35'/>
</div>
</b:if>
<b:if cond='data:blog.pageType == &quot;static_page&quot;'>
  <data:post.body/>
</b:if>
      <div class='clear'/> <!-- clear for photos floats -->
    </div>

    <b:if cond='data:post.hasJumpLink'>
      <div class='jump-link'>
        <a expr:href='data:post.url + &quot;#more&quot;' expr:title='data:post.title'><data:post.jumpText/></a>
      </div>
    </b:if>

<b:if cond='data:blog.pageType == &quot;item&quot;'>
    <div class='post-footer'>
    <div class='post-footer-line post-footer-line-1'>

    </div>


      <div class='post-footer-line post-footer-line-2'>

    <span class='post-labels'>
        <b:if cond='data:top.showPostLabels and data:post.labels'>
          <data:postLabelsLabel/>
          <b:loop values='data:post.labels' var='label'>
            <a expr:href='data:label.url' rel='tag'><data:label.name/></a><b:if cond='not data:label.isLast'>,</b:if>
          </b:loop>
        </b:if>
      </span>

    <!-- navigation -->
       <div class='top'/>
<b:include name='nextprev'/>

      </div>

      <div class='post-footer-line post-footer-line-3'>

<span class='post-location'>
        <b:if cond='data:top.showLocation'>
          <b:if cond='data:post.location'>
            <data:postLocationLabel/>
            <a expr:href='data:post.location.mapsUrl' target='_blank'><data:post.location.name/></a>
          </b:if>
        </b:if>
      </span> </div>
    </div>
    </b:if>
</div>
  </article>      

</b:includable>
              <b:includable id='postQuickEdit' var='post'>
  <b:if cond='data:post.editUrl'>
    <span expr:class='&quot;item-control &quot; + data:post.adminClass'>
      <a expr:href='data:post.editUrl' expr:title='data:top.editPostMsg'>
        <amp-img alt='' class='icon-action' height='18' src='https://resources.blogblog.com/img/icon18_edit_allbkg.gif' width='18'/>
      </a>
    </span>
  </b:if>
</b:includable>
              <b:includable id='shareButtons' var='post'>
  <b:if cond='data:top.showEmailButton'><a class='goog-inline-block share-button sb-email' expr:href='data:post.sharePostUrl + &quot;&amp;target=email&quot;' expr:title='data:top.emailThisMsg' target='_blank'><span class='share-button-link-text'><data:top.emailThisMsg/></span></a></b:if><b:if cond='data:top.showBlogThisButton'><a class='goog-inline-block share-button sb-blog' expr:href='data:post.sharePostUrl + &quot;&amp;target=blog&quot;' expr:onclick='&quot;window.open(this.href, \&quot;_blank\&quot;, \&quot;height=270,width=475\&quot;); return false;&quot;' expr:title='data:top.blogThisMsg' target='_blank'><span class='share-button-link-text'><data:top.blogThisMsg/></span></a></b:if><b:if cond='data:top.showTwitterButton'><a class='goog-inline-block share-button sb-twitter' expr:href='data:post.sharePostUrl + &quot;&amp;target=twitter&quot;' expr:title='data:top.shareToTwitterMsg' target='_blank'><span class='share-button-link-text'><data:top.shareToTwitterMsg/></span></a></b:if><b:if cond='data:top.showFacebookButton'><a class='goog-inline-block share-button sb-facebook' expr:href='data:post.sharePostUrl + &quot;&amp;target=facebook&quot;' expr:onclick='&quot;window.open(this.href, \&quot;_blank\&quot;, \&quot;height=430,width=640\&quot;); return false;&quot;' expr:title='data:top.shareToFacebookMsg' target='_blank'><span class='share-button-link-text'><data:top.shareToFacebookMsg/></span></a></b:if><b:if cond='data:top.showPinterestButton'><a class='goog-inline-block share-button sb-pinterest' expr:href='data:post.sharePostUrl + &quot;&amp;target=pinterest&quot;' expr:title='data:top.shareToPinterestMsg' target='_blank'><span class='share-button-link-text'><data:top.shareToPinterestMsg/></span></a></b:if><b:if cond='data:top.showPlusOne'><div class='goog-inline-block google-plus-share-container'><data:post.googlePlusShareTag/></div></b:if>
</b:includable>
              <b:includable id='status-message'>
  <b:if cond='data:navMessage'>
  <div class='status-msg-wrap'>
    <div class='status-msg-body'>
      <data:navMessage/>
    </div>
    <div class='status-msg-border'>
      <div class='status-msg-bg'>
        <div class='status-msg-hidden'><data:navMessage/></div>
      </div>
    </div>
  </div>
  <div class='clear'/>
  </b:if>
</b:includable>
              <b:includable id='threaded-comment-form' var='post'>
  <div class='comment-form'>
    <a name='comment-form'/>
    <b:if cond='data:mobile'>
      <p><data:blogCommentMessage/></p>
      <data:blogTeamBlogMessage/>
      <a expr:href='data:post.commentFormIframeSrc' id='comment-editor-src'/>
      <iframe allowtransparency='true' class='blogger-iframe-colorize blogger-comment-from-post' frameborder='0' height='410' id='comment-editor' name='comment-editor' src='' style='display: none' width='100%'/>
    <b:else/>
      <p><data:blogCommentMessage/></p>
      <data:blogTeamBlogMessage/>
      <a expr:href='data:post.commentFormIframeSrc' id='comment-editor-src'/>
      <iframe allowtransparency='true' class='blogger-iframe-colorize blogger-comment-from-post' frameborder='0' height='410' id='comment-editor' name='comment-editor' src='' width='100%'/>
    </b:if>
    <data:post.friendConnectJs/>
    <data:post.cmtfpIframe/>
    <script>
      BLOG_CMT_createIframe(&#39;<data:post.appRpcRelayPath/>&#39;, &#39;<data:post.communityId/>&#39;);
    </script>
  </div>
</b:includable>
              <b:includable id='threaded_comment_js' var='post'>
  <script async='async' expr:src='data:post.commentSrc'/>

  <script>
    (function() {
      var items = <data:post.commentJso/>;
      var msgs = <data:post.commentMsgs/>;
      var config = <data:post.commentConfig/>;

// <![CDATA[
      var cursor = null;
      if (items && items.length > 0) {
        cursor = parseInt(items[items.length - 1].timestamp) + 1;
      }

      var bodyFromEntry = function(entry) {
        if (entry.gd$extendedProperty) {
          for (var k in entry.gd$extendedProperty) {
            if (entry.gd$extendedProperty[k].name == 'blogger.contentRemoved') {
              return '<span class="deleted-comment">' + entry.content.$t + '</span>';
            }
          }
        }
        return entry.content.$t;
      }

      var parse = function(data) {
        cursor = null;
        var comments = [];
        if (data && data.feed && data.feed.entry) {
          for (var i = 0, entry; entry = data.feed.entry[i]; i++) {
            var comment = {};
            // comment ID, parsed out of the original id format
            var id = /blog-(\d+).post-(\d+)/.exec(entry.id.$t);
            comment.id = id ? id[2] : null;
            comment.body = bodyFromEntry(entry);
            comment.timestamp = Date.parse(entry.published.$t) + '';
            if (entry.author && entry.author.constructor === Array) {
              var auth = entry.author[0];
              if (auth) {
                comment.author = {
                  name: (auth.name ? auth.name.$t : undefined),
                  profileUrl: (auth.uri ? auth.uri.$t : undefined),
                  avatarUrl: (auth.gd$image ? auth.gd$image.src : undefined)
                };
              }
            }
            if (entry.link) {
              if (entry.link[2]) {
                comment.link = comment.permalink = entry.link[2].href;
              }
              if (entry.link[3]) {
                var pid = /.*comments\/default\/(\d+)\?.*/.exec(entry.link[3].href);
                if (pid && pid[1]) {
                  comment.parentId = pid[1];
                }
              }
            }
            comment.deleteclass = 'item-control blog-admin';
            if (entry.gd$extendedProperty) {
              for (var k in entry.gd$extendedProperty) {
                if (entry.gd$extendedProperty[k].name == 'blogger.itemClass') {
                  comment.deleteclass += ' ' + entry.gd$extendedProperty[k].value;
                }
              }
            }
            comments.push(comment);
          }
        }
        return comments;
      };

      var paginator = function(callback) {
        if (hasMore()) {
          var url = config.feed + '?alt=json&v=2&orderby=published&reverse=false&max-results=50';
          if (cursor) {
            url += '&published-min=' + new Date(cursor).toISOString();
          }
          window.bloggercomments = function(data) {
            var parsed = parse(data);
            cursor = parsed.length < 50 ? null
                : parseInt(parsed[parsed.length - 1].timestamp) + 1
            callback(parsed);
            window.bloggercomments = null;
          }
          url += '&callback=bloggercomments';
          var script = document.createElement('script');
          script.src = url;
          document.getElementsByTagName('head')[0].appendChild(script);
        }
      };
      var hasMore = function() {
        return !!cursor;
      };
      var getMeta = function(key, comment) {
        if ('iswriter' == key) {
          var matches = !!comment.author
              && comment.author.name == config.authorName
              && comment.author.profileUrl == config.authorUrl;
          return matches ? 'true' : '';
        } else if ('deletelink' == key) {
          return config.baseUri + '/delete-comment.g?blogID='
               + config.blogId + '&postID=' + comment.id;
        } else if ('deleteclass' == key) {
          return comment.deleteclass;
        }
        return '';
      };

      var replybox = null;
      var replyUrlParts = null;
      var replyParent = undefined;

      var onReply = function(commentId, domId) {
        if (replybox == null) {
          // lazily cache replybox, and adjust to suit this style:
          replybox = document.getElementById('comment-editor');
          if (replybox != null) {
            replybox.height = '250px';
            replybox.style.display = 'block';
            replyUrlParts = replybox.src.split('#');
          }
        }
        if (replybox && (commentId !== replyParent)) {
          document.getElementById(domId).insertBefore(replybox, null);
          replybox.src = replyUrlParts[0]
              + (commentId ? '&parentID=' + commentId : '')
              + '#' + replyUrlParts[1];
          replyParent = commentId;
        }
      };

      var hash = (window.location.hash || '#').substring(1);
      var startThread, targetComment;
      if (/^comment-form_/.test(hash)) {
        startThread = hash.substring('comment-form_'.length);
      } else if (/^c[0-9]+$/.test(hash)) {
        targetComment = hash.substring(1);
      }

      // Configure commenting API:
      var configJso = {
        'maxDepth': config.maxThreadDepth
      };
      var provider = {
        'id': config.postId,
        'data': items,
        'loadNext': paginator,
        'hasMore': hasMore,
        'getMeta': getMeta,
        'onReply': onReply,
        'rendered': true,
        'initComment': targetComment,
        'initReplyThread': startThread,
        'config': configJso,
        'messages': msgs
      };

      var render = function() {
        if (window.goog && window.goog.comments) {
          var holder = document.getElementById('comment-holder');
          window.goog.comments.render(holder, provider);
        }
      };

      // render now, or queue to render when library loads:
      if (window.goog && window.goog.comments) {
        render();
      } else {
        window.goog = window.goog || {};
        window.goog.comments = window.goog.comments || {};
        window.goog.comments.loadQueue = window.goog.comments.loadQueue || [];
        window.goog.comments.loadQueue.push(render);
      }
    })();
// ]]>
  </script>
</b:includable>
              <b:includable id='threaded_comments' var='post'>
  <div class='comments' id='comments'>
    <a name='comments'/>
    <h4>
      <b:if cond='data:post.numComments == 1'>
        1 <data:commentLabel/>:
      <b:else/>
        <data:post.numComments/> <data:commentLabelPlural/>:
      </b:if>
    </h4>

    <div class='comments-content'>
      <b:if cond='data:post.embedCommentForm'>
        <b:include data='post' name='threaded_comment_js'/>
      </b:if>
      <div id='comment-holder'>
         <data:post.commentHtml/>
      </div>
    </div>

    <p class='comment-footer'>
      <b:if cond='data:post.allowNewComments'>
        <b:include data='post' name='threaded-comment-form'/>
      <b:else/>
        <data:post.noNewCommentsText/>
      </b:if>
    </p>

    <b:if cond='data:showCmtPopup'>
      <div id='comment-popup'>
        <iframe allowtransparency='true' frameborder='0' id='comment-actions' name='comment-actions' scrolling='no'>
        </iframe>
      </div>
    </b:if>

    <div id='backlinks-container'>
    <div expr:id='data:widget.instanceId + &quot;_backlinks-container&quot;'>
       <b:if cond='data:post.showBacklinks'>
         <b:include data='post' name='backlinks'/>
       </b:if>
    </div>
    </div>
  </div>
</b:includable>
            </b:widget>
          </b:section>


          <aside>

          </aside>

  <div class='clear'/>

    <footer>

    </footer>

<b:if cond='data:blog.url == data:blog.homepageUrl'>


</b:if>


        </div><!-- main-inner-wrap -->

      </div><!-- /main-wrapper -->


      <div class='sidebar-wrapper top'>
        <b:section class='sidebar' id='sidebar' showaddelement='yes'/>
      </div><!-- sidebar-wrapper -->

      <div class='clear'/>

    </div><!-- outer-wrapper -->

</div><!--Div Container-->

  <div id='footer'>

  <div class='container'>

<div class='gazer'>

  <div class='footer'>

<h3> About us </h3>
<p>Short description of you blog can be added here. Mashable rassure vous nous les avons regroup en un autre buffet ressource pratique bien approvisione pour certains peut lire la jouis week.</p>

  </div>

  <div class='footer'>

<h3> Our Categories </h3>

<ul>

<!-- Our Categories -->

<li><a href='http://betapress-bt9.blogspot.com/search/label/featured'>Featured</a></li>
<li><a href='http://betapress-bt9.blogspot.com/search/label/Inspiration'>Inspiration</a></li>
<li><a href='http://betapress-bt9.blogspot.com/search/label/Social'>Social</a></li>
<li><a href='http://betapress-bt9.blogspot.com/search/label/Sony'>Sony</a></li>
<li><a href='http://betapress-bt9.blogspot.com/search/label/Technology'>Technology</a></li>
</ul>

  </div>

  <div class='footer'>

<h3> Subscribe Us </h3>
<!-- Subscribe Email Form -->

<div class='sub-dd'>
<h5>Get updates in your Mailbox</h5>
<input name='email' placeholder='Enter your email' type='text'/>
<a href='https://feedburner.google.com/fb/a/mailverify?uri=bloggertheme09&amp;loc=en_US' target='_blank'>Subscribe</a>
</div>

  </div>

  </div>

<div class='clear'/>

<div class='attribution'>Designed By <a href='http://www.bloggertheme9.com/'>Bloggertheme9</a> - Distributed By <a href='http://www.mybloggerthemes.com' rel='dofollow' title='Blogger Templates'>MyBloggerThemes</a> </div>


</div><!--Div Container-->

</div><!-- footer -->

  </div><!-- ct-wrapper -->

  <b:include data='blog' name='google-analytics'/>

&lt;!--</body>--&gt; &lt;/body&gt;

</HTML>